<?xml version="1.0" encoding="UTF-8"?>
<!DOCTYPE suite SYSTEM "https://testng.org/testng-1.0.dtd">
<suite name="Suite">
	<test thread-count="5" name="Test">
		<classes>
			<class name="actualTests.ProductSearch" />
			<class name="actualTests.RegisterUser" />
			<class name="actualTests.LoginLogout" />
			<class name="actualTests.ForgottenPassword" />
			<class name="actualTests.PlaceOrderAsGuest" />
			<class name="actualTests.PlaceOrderAsRegisteredUser" />
		</classes>
	</test> <!--
	Test -->
</suite> <!--
Suite -->
